Name,Slug,Collection ID,Item ID,Archived,Draft,Created On,Updated On,Published On,Spoofs Images,Hide image?,Spoof Category,Caption,Featured?,Author Credit
100 Seconds to Midnight,100-seconds-to-midnight,65c28f6b17c6d6d0d042a41b,65c28f6b17c6d6d0d042afa0,false,false,Fri Jul 30 2021 18:19:29 GMT+0000 (Coordinated Universal Time),Fri Aug 20 2021 21:29:19 GMT+0000 (Coordinated Universal Time),Tue Nov 05 2024 00:01:07 GMT+0000 (Coordinated Universal Time),https://uploads-ssl.webflow.com/5acfc48421e7a66153389c5f/610442ac85f282532db9406e_100-seconds-midnight-Watch_600x750.jpg,false,PSYCHO,,false,
1000 years,1000-years,65c28f6b17c6d6d0d042a41b,65c28f6b17c6d6d0d042ae39,false,false,Sat Jan 09 2021 00:10:23 GMT+0000 (Coordinated Universal Time),Sat Jan 09 2021 00:10:23 GMT+0000 (Coordinated Universal Time),Tue Nov 05 2024 00:01:07 GMT+0000 (Coordinated Universal Time),https://uploads-ssl.webflow.com/5acfc48421e7a66153389c5f/5ff8f4623da762b36b7c3e88_dysmal_science_1_600px.jpg,false,ECOLOGICAL,,false,
52% Fat,52-fat,65c28f6b17c6d6d0d042a41b,65c28f6b17c6d6d0d042ae63,false,false,Sat Jan 09 2021 00:25:28 GMT+0000 (Coordinated Universal Time),Sat Jan 09 2021 00:25:28 GMT+0000 (Coordinated Universal Time),Tue Nov 05 2024 00:01:07 GMT+0000 (Coordinated Universal Time),https://uploads-ssl.webflow.com/5acfc48421e7a66153389c5f/5ff8f7f09299974ee17596d2_food_fight_3_600px.jpg,false,CORPO,,false,
Absolut Coma.,absolut-coma,65c28f6b17c6d6d0d042a41b,65c28f6b17c6d6d0d042ae1e,false,false,Fri Jan 08 2021 23:47:56 GMT+0000 (Coordinated Universal Time),Sat Jan 09 2021 00:04:40 GMT+0000 (Coordinated Universal Time),Tue Nov 05 2024 00:01:07 GMT+0000 (Coordinated Universal Time),https://uploads-ssl.webflow.com/5acfc48421e7a66153389c5f/5ff8ef2075a5c1c60530e4dd_absolut_impotence_7.jpg,false,CORPO,,false,
Absolut Impotence Vodka,absolut-impotence-vodka,65c28f6b17c6d6d0d042a41b,65c28f6b17c6d6d0d042ae18,false,false,Fri Jan 08 2021 23:44:25 GMT+0000 (Coordinated Universal Time),Fri Jan 08 2021 23:53:30 GMT+0000 (Coordinated Universal Time),Tue Nov 05 2024 00:01:07 GMT+0000 (Coordinated Universal Time),https://uploads-ssl.webflow.com/5acfc48421e7a66153389c5f/5ff8f070c98da98541038d2c_absolut_impotence_1_600px.jpg,false,CORPO,,false,
Absolut Moron,absolut-moron,65c28f6b17c6d6d0d042a41b,65c28f6b17c6d6d0d042ae1a,false,false,Fri Jan 08 2021 23:46:08 GMT+0000 (Coordinated Universal Time),Sat Jan 09 2021 00:03:53 GMT+0000 (Coordinated Universal Time),Tue Nov 05 2024 00:01:07 GMT+0000 (Coordinated Universal Time),https://uploads-ssl.webflow.com/5acfc48421e7a66153389c5f/5ff8eeb71cf9a0a70cde5b1f_absolut_impotence_3.jpg,false,CORPO,,false,
Absolute AA,absolute-aa,65c28f6b17c6d6d0d042a41b,65c28f6b17c6d6d0d042ae1f,false,false,Fri Jan 08 2021 23:48:17 GMT+0000 (Coordinated Universal Time),Sat Jan 09 2021 00:04:58 GMT+0000 (Coordinated Universal Time),Tue Nov 05 2024 00:01:07 GMT+0000 (Coordinated Universal Time),https://uploads-ssl.webflow.com/5acfc48421e7a66153389c5f/5ff8f328b9e23243eac2e809_absolut_impotence_8_600px.jpg,false,CORPO,,false,
Absolute End.,absolute-end,65c28f6b17c6d6d0d042a41b,65c28f6b17c6d6d0d042ae1d,false,false,Fri Jan 08 2021 23:47:35 GMT+0000 (Coordinated Universal Time),Sat Jan 09 2021 00:04:29 GMT+0000 (Coordinated Universal Time),Tue Nov 05 2024 00:01:07 GMT+0000 (Coordinated Universal Time),https://uploads-ssl.webflow.com/5acfc48421e7a66153389c5f/5ff8ef0f8efa2b4570991fe1_absolut_impotence_6.jpg,false,CORPO,,false,
Absolute Hangover,absolute-hangover,65c28f6b17c6d6d0d042a41b,65c28f6b17c6d6d0d042ae1c,false,false,Fri Jan 08 2021 23:47:16 GMT+0000 (Coordinated Universal Time),Sat Jan 09 2021 00:04:19 GMT+0000 (Coordinated Universal Time),Tue Nov 05 2024 00:01:07 GMT+0000 (Coordinated Universal Time),https://uploads-ssl.webflow.com/5acfc48421e7a66153389c5f/5ff8eef9eb709cc6fb1e1f7c_absolut_impotence_5.jpg,false,CORPO,,false,
Absolute Mayhem,absolute-mayhem,65c28f6b17c6d6d0d042a41b,65c28f6b17c6d6d0d042ae1b,false,false,Fri Jan 08 2021 23:46:54 GMT+0000 (Coordinated Universal Time),Wed Jan 13 2021 20:43:35 GMT+0000 (Coordinated Universal Time),Tue Nov 05 2024 00:01:07 GMT+0000 (Coordinated Universal Time),https://uploads-ssl.webflow.com/5acfc48421e7a66153389c5f/5ff8f2f57fde0336826a0e9f_absolut_impotence_4_600px.jpg,false,CORPO,"""Capitalists will sell us the rope we hang them with""",false,
Absolute on Ice,absolute-on-ice,65c28f6b17c6d6d0d042a41b,65c28f6b17c6d6d0d042ae19,false,false,Fri Jan 08 2021 23:45:24 GMT+0000 (Coordinated Universal Time),Sat Jan 09 2021 00:03:43 GMT+0000 (Coordinated Universal Time),Tue Nov 05 2024 00:01:07 GMT+0000 (Coordinated Universal Time),https://uploads-ssl.webflow.com/5acfc48421e7a66153389c5f/5ff8f2dce8725a7e50269b79_absolut_impotence_2_600px.jpg,false,CORPO,,false,
ADFREE,adfree,65c28f6b17c6d6d0d042a41b,65c28f6b17c6d6d0d042ad8c,false,false,Tue Dec 29 2020 21:17:18 GMT+0000 (Coordinated Universal Time),Tue Dec 29 2020 21:17:18 GMT+0000 (Coordinated Universal Time),Tue Nov 05 2024 00:01:07 GMT+0000 (Coordinated Universal Time),https://uploads-ssl.webflow.com/5acfc48421e7a66153389c5f/5feb9cba134981de37f71d49_ADFREE.jpg,false,ECONOMIC,,false,
All-beef Patties,all-beef-patties,65c28f6b17c6d6d0d042a41b,65c28f6b17c6d6d0d042b0b1,false,false,Sat Feb 12 2022 00:59:31 GMT+0000 (Coordinated Universal Time),Wed May 11 2022 19:49:55 GMT+0000 (Coordinated Universal Time),Tue Nov 05 2024 00:01:07 GMT+0000 (Coordinated Universal Time),https://uploads-ssl.webflow.com/5acfc48421e7a66153389c5f/6207071b2e95782d7043e597_mcdonalds-all-beef-spoofad.jpg,false,PSYCHO,,false,
Are We Happy Yet?,are-we-happy-yet,65c28f6b17c6d6d0d042a41b,65c28f6b17c6d6d0d042aeef,false,false,Wed Apr 14 2021 19:39:22 GMT+0000 (Coordinated Universal Time),Wed Apr 14 2021 19:39:22 GMT+0000 (Coordinated Universal Time),Tue Nov 05 2024 00:01:07 GMT+0000 (Coordinated Universal Time),https://uploads-ssl.webflow.com/5acfc48421e7a66153389c5f/607744e762fa310c3fc3a37f_are_we_happy_yet_600x750.jpg,false,CORPO,Are We Happy Yet? - Featured in Adbusters #100,false,
Are We Happy Yet - Algorithm ,are-we-happy-yet-algorithm,65c28f6b17c6d6d0d042a41b,65c28f6b17c6d6d0d042b252,false,false,Tue Jun 06 2023 22:09:32 GMT+0000 (Coordinated Universal Time),Tue Jun 06 2023 22:09:58 GMT+0000 (Coordinated Universal Time),Tue Nov 05 2024 00:01:07 GMT+0000 (Coordinated Universal Time),https://uploads-ssl.webflow.com/5acfc48421e7a66153389c5f/647fae731dc0f32019ec1433_are-we-happy-2023.jpg,false,CORPO,,false,
Are you Happy Yet?,are-you-happy-yet,65c28f6b17c6d6d0d042a41b,65c28f6b17c6d6d0d042ad9f,false,false,Tue Dec 29 2020 21:17:55 GMT+0000 (Coordinated Universal Time),Tue Dec 29 2020 21:17:55 GMT+0000 (Coordinated Universal Time),Tue Nov 05 2024 00:01:07 GMT+0000 (Coordinated Universal Time),https://uploads-ssl.webflow.com/5acfc48421e7a66153389c5f/5feb9cea83f67d0a2661317a_AreYouHappyYet.jpg,false,PSYCHO,,false,
ATMs,atms,65c28f6b17c6d6d0d042a41b,65c28f6b17c6d6d0d042ada0,false,false,Tue Dec 29 2020 21:18:36 GMT+0000 (Coordinated Universal Time),Wed Jan 13 2021 20:35:13 GMT+0000 (Coordinated Universal Time),Tue Nov 05 2024 00:01:07 GMT+0000 (Coordinated Universal Time),https://uploads-ssl.webflow.com/5acfc48421e7a66153389c5f/5feb9d158f7605cf89371bef_ATMs.jpg,false,ECONOMIC,"""Jam anything and everything"" - Featured in Adbusters #126",false,
Balenciaga We Sell You Shit,balenciaga-we-sell-you-shit,65c28f6b17c6d6d0d042a41b,65c28f6b17c6d6d0d042b12a,false,false,Wed May 11 2022 19:49:36 GMT+0000 (Coordinated Universal Time),Thu Oct 27 2022 21:08:41 GMT+0000 (Coordinated Universal Time),Tue Nov 05 2024 00:01:07 GMT+0000 (Coordinated Universal Time),https://uploads-ssl.webflow.com/5acfc48421e7a66153389c5f/627c131f0b44bc14cd88c872_balenciaga-shit_spoof-ad_600px.jpg,false,CORPO,,false,
Bar code,bar-code,65c28f6b17c6d6d0d042a41b,65c28f6b17c6d6d0d042ada1,false,false,Tue Dec 29 2020 21:19:29 GMT+0000 (Coordinated Universal Time),Tue Dec 29 2020 21:19:29 GMT+0000 (Coordinated Universal Time),Tue Nov 05 2024 00:01:07 GMT+0000 (Coordinated Universal Time),https://uploads-ssl.webflow.com/5acfc48421e7a66153389c5f/5feb9d3d9c74e648ac5ec49f_Barcode.jpg,false,ECONOMIC,,false,
Bar code Prison,bar-code-prison,65c28f6b17c6d6d0d042a41b,65c28f6b17c6d6d0d042ada2,false,false,Tue Dec 29 2020 21:20:00 GMT+0000 (Coordinated Universal Time),Wed Jan 13 2021 20:32:23 GMT+0000 (Coordinated Universal Time),Tue Nov 05 2024 00:01:07 GMT+0000 (Coordinated Universal Time),https://uploads-ssl.webflow.com/5acfc48421e7a66153389c5f/5feb9d6c3baa0a21a98bef3d_BarcodePrison.jpg,false,ECONOMIC,"""the neoliberal prison of consumerism"" ",false,
Behind bar codes,behind-bar-codes,65c28f6b17c6d6d0d042a41b,65c28f6b17c6d6d0d042ae35,false,false,Fri Jan 08 2021 23:52:42 GMT+0000 (Coordinated Universal Time),Sat Jan 09 2021 00:05:46 GMT+0000 (Coordinated Universal Time),Tue Nov 05 2024 00:01:07 GMT+0000 (Coordinated Universal Time),https://uploads-ssl.webflow.com/5acfc48421e7a66153389c5f/5ff8f3587fde03ec336a0ef8_buyology_urge_4_600px.jpg,false,BUYNOTHINGDAY,,false,
Big Mac Attack,big-mac-attack,65c28f6b17c6d6d0d042a41b,65c28f6b17c6d6d0d042ae67,false,false,Sat Jan 09 2021 00:27:02 GMT+0000 (Coordinated Universal Time),Sat Jan 09 2021 00:27:02 GMT+0000 (Coordinated Universal Time),Tue Nov 05 2024 00:01:07 GMT+0000 (Coordinated Universal Time),https://uploads-ssl.webflow.com/5acfc48421e7a66153389c5f/5ff8f84d929997f7b77597f8_food_fight_7_600px.jpg,false,CORPO,,false,
Blackspots,blackspots,65c28f6b17c6d6d0d042a41b,65c28f6b17c6d6d0d042ada3,false,false,Tue Dec 29 2020 21:20:34 GMT+0000 (Coordinated Universal Time),Tue Dec 29 2020 21:20:34 GMT+0000 (Coordinated Universal Time),Tue Nov 05 2024 00:01:07 GMT+0000 (Coordinated Universal Time),https://uploads-ssl.webflow.com/5acfc48421e7a66153389c5f/5feb9d9019c71c0bbc9e2af6_blackspots.jpg,false,BUYNOTHINGDAY,,false,
Brand 0,brand-0,65c28f6b17c6d6d0d042a41b,65c28f6b17c6d6d0d042ae60,false,false,Sat Jan 09 2021 00:23:29 GMT+0000 (Coordinated Universal Time),Sat Jan 09 2021 00:23:29 GMT+0000 (Coordinated Universal Time),Tue Nov 05 2024 00:01:07 GMT+0000 (Coordinated Universal Time),https://uploads-ssl.webflow.com/5acfc48421e7a66153389c5f/5ff8f778a3981b932bc2adfd_fashion_slashin_9_600px.jpg,false,CORPO,,false,
Bulgari,bulgari,65c28f6b17c6d6d0d042a41b,65c28f6b17c6d6d0d042ae5f,false,false,Sat Jan 09 2021 00:23:02 GMT+0000 (Coordinated Universal Time),Sat Jan 09 2021 00:23:02 GMT+0000 (Coordinated Universal Time),Tue Nov 05 2024 00:01:07 GMT+0000 (Coordinated Universal Time),https://uploads-ssl.webflow.com/5acfc48421e7a66153389c5f/5ff8f75b9f2f4c1133526956_fashion_slashin_8_600px.jpg,false,AESTHETICO,,false,
Bump?,bump,65c28f6b17c6d6d0d042a41b,65c28f6b17c6d6d0d042ae3e,false,false,Sat Jan 09 2021 00:12:52 GMT+0000 (Coordinated Universal Time),Sat Jan 09 2021 00:12:52 GMT+0000 (Coordinated Universal Time),Tue Nov 05 2024 00:01:07 GMT+0000 (Coordinated Universal Time),https://uploads-ssl.webflow.com/5acfc48421e7a66153389c5f/5ff8f4f9929997edf5758eda_eco_1_600px.jpg,false,ECOLOGICAL,,false,
BuyNothingDay Cartoon,buynothingday-cartoon,65c28f6b17c6d6d0d042a41b,65c28f6b17c6d6d0d042ada4,false,false,Tue Dec 29 2020 21:21:03 GMT+0000 (Coordinated Universal Time),Tue Dec 29 2020 21:21:03 GMT+0000 (Coordinated Universal Time),Tue Nov 05 2024 00:01:07 GMT+0000 (Coordinated Universal Time),https://uploads-ssl.webflow.com/5acfc48421e7a66153389c5f/5feb9daefa050a1fd6253c68_BND_cartoon.jpg,false,BUYNOTHINGDAY,,false,
BuyNothingDay participate,buynothingday-participate,65c28f6b17c6d6d0d042a41b,65c28f6b17c6d6d0d042ada5,false,false,Tue Dec 29 2020 21:24:51 GMT+0000 (Coordinated Universal Time),Tue Dec 29 2020 21:24:51 GMT+0000 (Coordinated Universal Time),Tue Nov 05 2024 00:01:07 GMT+0000 (Coordinated Universal Time),https://uploads-ssl.webflow.com/5acfc48421e7a66153389c5f/5feb9dccb9e68952eca4e56b_BND-1.jpg,false,BUYNOTHINGDAY,,false,
Buyological Bar Code,buyological-bar-code,65c28f6b17c6d6d0d042a41b,65c28f6b17c6d6d0d042ae38,false,false,Sat Jan 09 2021 00:09:55 GMT+0000 (Coordinated Universal Time),Sat Jan 09 2021 00:09:55 GMT+0000 (Coordinated Universal Time),Tue Nov 05 2024 00:01:07 GMT+0000 (Coordinated Universal Time),https://uploads-ssl.webflow.com/5acfc48421e7a66153389c5f/5ff8f40d88a1fe3a09173a31_buyology_urge_7_600px.jpg,false,BUYNOTHINGDAY,,false,
Buyology Urge,buyology-urge,65c28f6b17c6d6d0d042a41b,65c28f6b17c6d6d0d042ae34,false,false,Fri Jan 08 2021 23:52:14 GMT+0000 (Coordinated Universal Time),Sat Jan 09 2021 00:05:33 GMT+0000 (Coordinated Universal Time),Tue Nov 05 2024 00:01:07 GMT+0000 (Coordinated Universal Time),https://uploads-ssl.webflow.com/5acfc48421e7a66153389c5f/5ad10e7d0f7efd2980f1664e_adbusters_LookWhatIBought.jpg,false,BUYNOTHINGDAY,,false,
Capitalism,capitalism,65c28f6b17c6d6d0d042a41b,65c28f6b17c6d6d0d042ada7,false,false,Tue Dec 29 2020 21:25:47 GMT+0000 (Coordinated Universal Time),Tue Dec 29 2020 21:25:47 GMT+0000 (Coordinated Universal Time),Tue Nov 05 2024 00:01:07 GMT+0000 (Coordinated Universal Time),https://uploads-ssl.webflow.com/5acfc48421e7a66153389c5f/5feb9ecd9c74e60a1c5ec6f3_Capitalism.jpg,false,ECONOMIC,,false,
Carbon Dioxide Hits Record High,carbon-dioxide-hits-record-high,65c28f6b17c6d6d0d042a41b,65c28f6b17c6d6d0d042afd1,false,false,Tue Aug 24 2021 17:36:05 GMT+0000 (Coordinated Universal Time),Fri Sep 03 2021 19:47:45 GMT+0000 (Coordinated Universal Time),Tue Nov 05 2024 00:01:07 GMT+0000 (Coordinated Universal Time),https://uploads-ssl.webflow.com/5acfc48421e7a66153389c5f/61252de1fc10444191b9d280_Carbon_Dioxide_Record_Highs_600x750.jpg,false,ECOLOGICAL,,false,
Carbon Shoe,carbon-shoe,65c28f6b17c6d6d0d042a41b,65c28f6b17c6d6d0d042ada8,false,false,Tue Dec 29 2020 21:26:18 GMT+0000 (Coordinated Universal Time),Tue Dec 29 2020 21:26:18 GMT+0000 (Coordinated Universal Time),Tue Nov 05 2024 00:01:07 GMT+0000 (Coordinated Universal Time),https://uploads-ssl.webflow.com/5acfc48421e7a66153389c5f/5feb9ee583f67da49c613b58_CarbonShoe.jpg,false,ECOLOGICAL,,false,
Choice,choice,65c28f6b17c6d6d0d042a41b,65c28f6b17c6d6d0d042ada9,false,false,Tue Dec 29 2020 21:26:37 GMT+0000 (Coordinated Universal Time),Tue Dec 29 2020 21:26:37 GMT+0000 (Coordinated Universal Time),Tue Nov 05 2024 00:01:07 GMT+0000 (Coordinated Universal Time),https://uploads-ssl.webflow.com/5acfc48421e7a66153389c5f/5feb9f03b9e689a794a4e8b8_Choice.jpg,false,PSYCHO,,false,
Cigarettes Cancer,cigarettes-cancer,65c28f6b17c6d6d0d042a41b,65c28f6b17c6d6d0d042ae68,false,false,Wed Jan 13 2021 17:52:44 GMT+0000 (Coordinated Universal Time),Wed Jan 13 2021 18:20:49 GMT+0000 (Coordinated Universal Time),Tue Nov 05 2024 00:01:07 GMT+0000 (Coordinated Universal Time),https://uploads-ssl.webflow.com/5acfc48421e7a66153389c5f/5fff39fcb44dc7f3896db646_philip_morris_1_600px.jpg,false,CORPO,,false,
Coke Ecocide,coke-ecocide,65c28f6b17c6d6d0d042a41b,65c28f6b17c6d6d0d042b1cb,false,false,Thu Oct 27 2022 21:08:32 GMT+0000 (Coordinated Universal Time),Thu Oct 27 2022 21:08:48 GMT+0000 (Coordinated Universal Time),Tue Nov 05 2024 00:01:07 GMT+0000 (Coordinated Universal Time),https://uploads-ssl.webflow.com/5acfc48421e7a66153389c5f/635af3340e290a5cf9f76ea9_coke-ecocide_600.jpg,false,ECOLOGICAL,,true,
Consumption will fill the Void,consumption-will-fill-the-void,65c28f6b17c6d6d0d042a41b,65c28f6b17c6d6d0d042ae36,false,false,Sat Jan 09 2021 00:06:22 GMT+0000 (Coordinated Universal Time),Sat Jan 09 2021 00:06:22 GMT+0000 (Coordinated Universal Time),Tue Nov 05 2024 00:01:07 GMT+0000 (Coordinated Universal Time),https://uploads-ssl.webflow.com/5acfc48421e7a66153389c5f/5ff8f36c0e826a6ff89538af_buyology_urge_5_600px.jpg,false,BUYNOTHINGDAY,,false,
Dada,dada,65c28f6b17c6d6d0d042a41b,65c28f6b17c6d6d0d042adaa,false,false,Tue Dec 29 2020 21:26:57 GMT+0000 (Coordinated Universal Time),Tue Dec 29 2020 21:26:57 GMT+0000 (Coordinated Universal Time),Tue Nov 05 2024 00:01:07 GMT+0000 (Coordinated Universal Time),https://uploads-ssl.webflow.com/5acfc48421e7a66153389c5f/5feb9f169c74e644985ec70d_Dada.jpg,false,AESTHETICO,,false,
Deeply into Debt,deeply-into-debt,65c28f6b17c6d6d0d042a41b,65c28f6b17c6d6d0d042ae3d,false,false,Sat Jan 09 2021 00:12:15 GMT+0000 (Coordinated Universal Time),Wed Jan 13 2021 20:34:15 GMT+0000 (Coordinated Universal Time),Tue Nov 05 2024 00:01:07 GMT+0000 (Coordinated Universal Time),https://uploads-ssl.webflow.com/5acfc48421e7a66153389c5f/5ff8f4d0fce49b30c23e1297_dysmal_science_5_600px.jpg,false,BUYNOTHINGDAY,"""nuclear drudgery"" ",false,
Derek Pennett Logo Purge,derek-pennett-logo-purge,65c28f6b17c6d6d0d042a41b,65c28f6b17c6d6d0d042ae16,false,false,Fri Jan 08 2021 23:42:43 GMT+0000 (Coordinated Universal Time),Wed Jan 13 2021 20:33:24 GMT+0000 (Coordinated Universal Time),Tue Nov 05 2024 00:01:07 GMT+0000 (Coordinated Universal Time),https://uploads-ssl.webflow.com/5acfc48421e7a66153389c5f/5ff8edd06d435d5c35e95613_derek_pennett-logo-purge_adb121_600px.jpg,false,CORPO,"""consumer schziophrenia"" - Featured in Adbusters #121",false,
Des Seins,des-seins,65c28f6b17c6d6d0d042a41b,65c28f6b17c6d6d0d042ae85,false,false,Wed Jan 13 2021 18:13:43 GMT+0000 (Coordinated Universal Time),Wed Jan 13 2021 18:24:22 GMT+0000 (Coordinated Universal Time),Tue Nov 05 2024 00:01:07 GMT+0000 (Coordinated Universal Time),https://uploads-ssl.webflow.com/5acfc48421e7a66153389c5f/5fff3ad37b884518ac00aff9_political_7_600px.jpg,false,POLITICAL,,false,
Dollar,dollar,65c28f6b17c6d6d0d042a41b,65c28f6b17c6d6d0d042adac,false,false,Tue Dec 29 2020 21:29:03 GMT+0000 (Coordinated Universal Time),Tue Dec 29 2020 21:29:03 GMT+0000 (Coordinated Universal Time),Tue Nov 05 2024 00:01:07 GMT+0000 (Coordinated Universal Time),https://uploads-ssl.webflow.com/5acfc48421e7a66153389c5f/5feb9f8f361e25916c0c87d4_Dollar.jpg,false,ECONOMIC,,false,
Dollar bill,dollar-bill,65c28f6b17c6d6d0d042a41b,65c28f6b17c6d6d0d042adab,false,false,Tue Dec 29 2020 21:28:35 GMT+0000 (Coordinated Universal Time),Tue Dec 29 2020 21:28:35 GMT+0000 (Coordinated Universal Time),Tue Nov 05 2024 00:01:07 GMT+0000 (Coordinated Universal Time),https://uploads-ssl.webflow.com/5acfc48421e7a66153389c5f/5feb9f7197cb069e9fb2ed40_dollar_bill_redesign.jpg,false,ECONOMIC,,false,
Drown in Style,drown-in-style,65c28f6b17c6d6d0d042a41b,65c28f6b17c6d6d0d042af79,false,false,Fri Jul 23 2021 17:19:33 GMT+0000 (Coordinated Universal Time),Fri Jul 30 2021 18:19:46 GMT+0000 (Coordinated Universal Time),Tue Nov 05 2024 00:01:07 GMT+0000 (Coordinated Universal Time),https://uploads-ssl.webflow.com/5acfc48421e7a66153389c5f/60fafa06b438bf05f4f2866b_Drown-in-style_600x750.jpg,false,ECOLOGICAL,,false,
Eat Fast Die Young,eat-fast-die-young,65c28f6b17c6d6d0d042a41b,65c28f6b17c6d6d0d042ae64,false,false,Sat Jan 09 2021 00:25:56 GMT+0000 (Coordinated Universal Time),Sat Jan 09 2021 00:25:56 GMT+0000 (Coordinated Universal Time),Tue Nov 05 2024 00:01:07 GMT+0000 (Coordinated Universal Time),https://uploads-ssl.webflow.com/5acfc48421e7a66153389c5f/5ff8f806e6c0110cd074c4e1_food_fight_4_600px.jpg,false,CORPO,,false,
Escape,escape,65c28f6b17c6d6d0d042a41b,65c28f6b17c6d6d0d042ae5d,false,false,Sat Jan 09 2021 00:19:38 GMT+0000 (Coordinated Universal Time),Sat Jan 09 2021 00:19:38 GMT+0000 (Coordinated Universal Time),Tue Nov 05 2024 00:01:07 GMT+0000 (Coordinated Universal Time),https://uploads-ssl.webflow.com/5acfc48421e7a66153389c5f/5ff8f691679e6735184e53c1_fashion_slashin_6_600px.jpg,false,CORPO,,false,
Escape the Fantasy,escape-the-fantasy,65c28f6b17c6d6d0d042a41b,65c28f6b17c6d6d0d042ae57,false,false,Sat Jan 09 2021 00:16:14 GMT+0000 (Coordinated Universal Time),Sat Jan 09 2021 00:16:14 GMT+0000 (Coordinated Universal Time),Tue Nov 05 2024 00:01:07 GMT+0000 (Coordinated Universal Time),https://uploads-ssl.webflow.com/5acfc48421e7a66153389c5f/5ff8f5c366ed9020f9f4e957_eco_8_600px.jpg,false,PSYCHO,,false,
Exhausted,exhausted,65c28f6b17c6d6d0d042a41b,65c28f6b17c6d6d0d042adad,false,false,Tue Dec 29 2020 21:29:32 GMT+0000 (Coordinated Universal Time),Tue Dec 29 2020 21:29:32 GMT+0000 (Coordinated Universal Time),Tue Nov 05 2024 00:01:07 GMT+0000 (Coordinated Universal Time),https://uploads-ssl.webflow.com/5acfc48421e7a66153389c5f/5feb9faa5a5dffd3f14b92fa_Exhausted.jpg,false,ECOLOGICAL,,false,
Fascist Design,fascist-design,65c28f6b17c6d6d0d042a41b,65c28f6b17c6d6d0d042aef1,false,false,Mon Apr 19 2021 23:02:55 GMT+0000 (Coordinated Universal Time),Fri Apr 30 2021 21:41:14 GMT+0000 (Coordinated Universal Time),Tue Nov 05 2024 00:01:07 GMT+0000 (Coordinated Universal Time),https://uploads-ssl.webflow.com/5acfc48421e7a66153389c5f/607e0bebcd6425783453c5f7_fascist_design_600x750.jpg,false,AESTHETICO,"""Design is Becoming More Fascist - Featured in Adbusters #152""",false,
Fashion Slashin,fashion-slashin,65c28f6b17c6d6d0d042a41b,65c28f6b17c6d6d0d042ae5e,false,false,Sat Jan 09 2021 00:20:22 GMT+0000 (Coordinated Universal Time),Sat Jan 09 2021 00:20:22 GMT+0000 (Coordinated Universal Time),Tue Nov 05 2024 00:01:07 GMT+0000 (Coordinated Universal Time),https://uploads-ssl.webflow.com/5acfc48421e7a66153389c5f/5ff8f6b7e8725a876626aac2_fashion_slashin_7_600px.jpg,false,AESTHETICO,,false,
Fat and Salt,fat-and-salt,65c28f6b17c6d6d0d042a41b,65c28f6b17c6d6d0d042af3d,false,false,Thu Jun 10 2021 21:29:52 GMT+0000 (Coordinated Universal Time),Thu Jun 17 2021 19:44:00 GMT+0000 (Coordinated Universal Time),Tue Nov 05 2024 00:01:07 GMT+0000 (Coordinated Universal Time),https://uploads-ssl.webflow.com/5acfc48421e7a66153389c5f/60c2842a6779e1890588fbbd_spoof-fat-and-salt_600x749.jpg,false,CORPO,Midnight in the Kingdom of Fat and Salt,false,
Feed Me,feed-me,65c28f6b17c6d6d0d042a41b,65c28f6b17c6d6d0d042adae,false,false,Tue Dec 29 2020 21:29:53 GMT+0000 (Coordinated Universal Time),Tue Dec 29 2020 21:29:53 GMT+0000 (Coordinated Universal Time),Tue Nov 05 2024 00:01:07 GMT+0000 (Coordinated Universal Time),https://uploads-ssl.webflow.com/5acfc48421e7a66153389c5f/5feb9fc65ceaed4052d586e3_FeedMe.jpg,false,AESTHETICO,,false,
Food Fight,food-fight,65c28f6b17c6d6d0d042a41b,65c28f6b17c6d6d0d042ae65,false,false,Sat Jan 09 2021 00:26:17 GMT+0000 (Coordinated Universal Time),Sat Jan 09 2021 00:26:17 GMT+0000 (Coordinated Universal Time),Tue Nov 05 2024 00:01:07 GMT+0000 (Coordinated Universal Time),https://uploads-ssl.webflow.com/5acfc48421e7a66153389c5f/5ff8f81f75a5c119c73109a6_food_fight_5_600px.jpg,false,CORPO,,false,
GAP,gap,65c28f6b17c6d6d0d042a41b,65c28f6b17c6d6d0d042ae5c,false,false,Sat Jan 09 2021 00:18:22 GMT+0000 (Coordinated Universal Time),Sat Jan 09 2021 00:18:22 GMT+0000 (Coordinated Universal Time),Tue Nov 05 2024 00:01:07 GMT+0000 (Coordinated Universal Time),https://uploads-ssl.webflow.com/5acfc48421e7a66153389c5f/5ff8f645f68ce34f654c729b_fashion_slashin_4_600px.jpg,false,CORPO,,false,
General Strike Summer,general-strike-summer,65c28f6b17c6d6d0d042a41b,65c28f6b17c6d6d0d042ade9,false,false,Tue Dec 29 2020 21:41:20 GMT+0000 (Coordinated Universal Time),Tue Dec 29 2020 21:41:20 GMT+0000 (Coordinated Universal Time),Tue Nov 05 2024 00:01:07 GMT+0000 (Coordinated Universal Time),https://uploads-ssl.webflow.com/5acfc48421e7a66153389c5f/5feba270fdc95853cfae0144_STRIKE.jpg,false,PSYCHO,,false,
Gollum Chevron,gollum-chevron,65c28f6b17c6d6d0d042a41b,65c28f6b17c6d6d0d042adc1,false,false,Tue Dec 29 2020 21:31:26 GMT+0000 (Coordinated Universal Time),Tue Dec 29 2020 21:31:26 GMT+0000 (Coordinated Universal Time),Tue Nov 05 2024 00:01:07 GMT+0000 (Coordinated Universal Time),https://uploads-ssl.webflow.com/5acfc48421e7a66153389c5f/5feba01ef723ca96f06895d8_gollum-chevron.jpg,false,PSYCHO,,false,
Google no Search Day,google-no-search-day,65c28f6b17c6d6d0d042a41b,65c28f6b17c6d6d0d042adc2,false,false,Tue Dec 29 2020 21:32:18 GMT+0000 (Coordinated Universal Time),Tue Dec 29 2020 21:32:18 GMT+0000 (Coordinated Universal Time),Tue Nov 05 2024 00:01:07 GMT+0000 (Coordinated Universal Time),https://uploads-ssl.webflow.com/5acfc48421e7a66153389c5f/5feba04e2256a6b3a2e9f336_GoogleNoSearchDay.jpg,false,PSYCHO,,false,
Gotz Gramlich Occupymakrkets,gotz-gramlich-occupymakrkets,65c28f6b17c6d6d0d042a41b,65c28f6b17c6d6d0d042adc3,false,false,Tue Dec 29 2020 21:32:54 GMT+0000 (Coordinated Universal Time),Tue Dec 29 2020 21:32:54 GMT+0000 (Coordinated Universal Time),Tue Nov 05 2024 00:01:07 GMT+0000 (Coordinated Universal Time),https://uploads-ssl.webflow.com/5acfc48421e7a66153389c5f/5feba06cf723ca9ce9689684_GotzGramlich_occupymarkets.jpg,false,POLITICAL,,false,
Grace Lee,grace-lee,65c28f6b17c6d6d0d042a41b,65c28f6b17c6d6d0d042adc4,false,false,Tue Dec 29 2020 21:33:27 GMT+0000 (Coordinated Universal Time),Tue Dec 29 2020 21:33:27 GMT+0000 (Coordinated Universal Time),Tue Nov 05 2024 00:01:07 GMT+0000 (Coordinated Universal Time),https://uploads-ssl.webflow.com/5acfc48421e7a66153389c5f/5feba08e983879526be6e313_GraceLee.jpg,false,PSYCHO,,false,
Grease,grease,65c28f6b17c6d6d0d042a41b,65c28f6b17c6d6d0d042ae62,false,false,Sat Jan 09 2021 00:25:12 GMT+0000 (Coordinated Universal Time),Sat Jan 09 2021 00:25:12 GMT+0000 (Coordinated Universal Time),Tue Nov 05 2024 00:01:07 GMT+0000 (Coordinated Universal Time),https://uploads-ssl.webflow.com/5acfc48421e7a66153389c5f/5ff8f7e027d340af50fbfe2d_food_fight_2_600px.jpg,false,CORPO,,false,
Heather Champbell,heather-champbell,65c28f6b17c6d6d0d042a41b,65c28f6b17c6d6d0d042adc5,false,false,Tue Dec 29 2020 21:34:12 GMT+0000 (Coordinated Universal Time),Tue Dec 29 2020 21:34:12 GMT+0000 (Coordinated Universal Time),Tue Nov 05 2024 00:01:07 GMT+0000 (Coordinated Universal Time),https://uploads-ssl.webflow.com/5acfc48421e7a66153389c5f/5feba0b197cb061f0bb2f25e_HeatherCampbell_ipadsmaller.jpg,false,CORPO,,false,
Hurrah,hurrah,65c28f6b17c6d6d0d042a41b,65c28f6b17c6d6d0d042ae80,false,false,Wed Jan 13 2021 18:02:58 GMT+0000 (Coordinated Universal Time),Wed Jan 13 2021 18:23:13 GMT+0000 (Coordinated Universal Time),Tue Nov 05 2024 00:01:07 GMT+0000 (Coordinated Universal Time),https://uploads-ssl.webflow.com/5acfc48421e7a66153389c5f/5fff3a8d74b6a457a0330429_political_2_600px.jpg,false,POLITICAL,,false,
"I miss my lung, Bob.",i-miss-my-lung-bob,65c28f6b17c6d6d0d042a41b,65c28f6b17c6d6d0d042ae6b,false,false,Wed Jan 13 2021 17:59:10 GMT+0000 (Coordinated Universal Time),Wed Jan 13 2021 18:21:37 GMT+0000 (Coordinated Universal Time),Tue Nov 05 2024 00:01:07 GMT+0000 (Coordinated Universal Time),https://uploads-ssl.webflow.com/5acfc48421e7a66153389c5f/5fff3a2f9b136c62bc438dff_philip_morris_4_600px.jpg,false,CORPO,,false,
I'm sick of just doing it.,im-sick-of-just-doing-it,65c28f6b17c6d6d0d042a41b,65c28f6b17c6d6d0d042ae9d,false,false,Wed Jan 13 2021 18:33:23 GMT+0000 (Coordinated Universal Time),Wed Jan 13 2021 18:33:23 GMT+0000 (Coordinated Universal Time),Tue Nov 05 2024 00:01:07 GMT+0000 (Coordinated Universal Time),https://uploads-ssl.webflow.com/5acfc48421e7a66153389c5f/5fff3ccb484fbf46a54d2205_unswooshing_5_600px.jpg,false,CORPO,,false,
It's so cool to wear. Think Again.,its-so-cool-to-wear-think-again,65c28f6b17c6d6d0d042a41b,65c28f6b17c6d6d0d042ae9b,false,false,Wed Jan 13 2021 18:32:10 GMT+0000 (Coordinated Universal Time),Wed Jan 13 2021 18:32:10 GMT+0000 (Coordinated Universal Time),Tue Nov 05 2024 00:01:07 GMT+0000 (Coordinated Universal Time),https://uploads-ssl.webflow.com/5acfc48421e7a66153389c5f/5fff3c9984ef80b60ae85420_unswooshing_3_600px.jpg,false,CORPO,,false,
Joe Chemo,joe-chemo,65c28f6b17c6d6d0d042a41b,65c28f6b17c6d6d0d042ae7e,false,false,Wed Jan 13 2021 18:00:37 GMT+0000 (Coordinated Universal Time),Wed Jan 13 2021 18:21:50 GMT+0000 (Coordinated Universal Time),Tue Nov 05 2024 00:01:07 GMT+0000 (Coordinated Universal Time),https://uploads-ssl.webflow.com/5acfc48421e7a66153389c5f/5fff3a3b9b136c4d89438e05_philip_morris_5_600px.jpg,false,CORPO,,false,
Just Douche it.,just-douche-it,65c28f6b17c6d6d0d042a41b,65c28f6b17c6d6d0d042ae9c,false,false,Wed Jan 13 2021 18:32:31 GMT+0000 (Coordinated Universal Time),Wed Jan 13 2021 18:32:31 GMT+0000 (Coordinated Universal Time),Tue Nov 05 2024 00:01:07 GMT+0000 (Coordinated Universal Time),https://uploads-ssl.webflow.com/5acfc48421e7a66153389c5f/5fff3cb59d900d7b20e30e9d_unswooshing_4_600px.jpg,false,CORPO,,false,
Just Douche it again.,just-douche-it-again,65c28f6b17c6d6d0d042a41b,65c28f6b17c6d6d0d042ae9e,false,false,Wed Jan 13 2021 18:33:56 GMT+0000 (Coordinated Universal Time),Wed Jan 13 2021 18:33:56 GMT+0000 (Coordinated Universal Time),Tue Nov 05 2024 00:01:07 GMT+0000 (Coordinated Universal Time),https://uploads-ssl.webflow.com/5acfc48421e7a66153389c5f/5fff3d05993f61833aec731f_unswooshing_6_600px.jpg,false,CORPO,,false,
Just wash the Spoon,just-wash-the-spoon,65c28f6b17c6d6d0d042a41b,65c28f6b17c6d6d0d042ae21,false,false,Fri Jan 08 2021 23:50:21 GMT+0000 (Coordinated Universal Time),Sat Jan 09 2021 00:05:22 GMT+0000 (Coordinated Universal Time),Tue Nov 05 2024 00:01:07 GMT+0000 (Coordinated Universal Time),https://uploads-ssl.webflow.com/5acfc48421e7a66153389c5f/5ff8f33f63870f48b0e306d8_buyology_urge_2_600px.jpg,false,ECOLOGICAL,,false,
Keep Shopping,keep-shopping,65c28f6b17c6d6d0d042a41b,65c28f6b17c6d6d0d042ada6,false,false,Tue Dec 29 2020 21:25:23 GMT+0000 (Coordinated Universal Time),Tue Dec 29 2020 21:25:23 GMT+0000 (Coordinated Universal Time),Tue Nov 05 2024 00:01:07 GMT+0000 (Coordinated Universal Time),https://uploads-ssl.webflow.com/5acfc48421e7a66153389c5f/5feb9eb797cb06d7ebb2e96d_Britney.jpg,false,BUYNOTHINGDAY,,false,
Keeping Time,keeping-time,65c28f6b17c6d6d0d042a41b,65c28f6b17c6d6d0d042b01b,false,false,Mon Oct 25 2021 23:22:14 GMT+0000 (Coordinated Universal Time),Mon Oct 25 2021 23:22:14 GMT+0000 (Coordinated Universal Time),Tue Nov 05 2024 00:01:07 GMT+0000 (Coordinated Universal Time),https://uploads-ssl.webflow.com/5acfc48421e7a66153389c5f/61773c0aa227efb9e94df371_Keeping_Time_600x750.jpg,false,BUYNOTHINGDAY,,true,
KFC Fill Up,kfc-fill-up,65c28f6b17c6d6d0d042a41b,65c28f6b17c6d6d0d042af71,false,false,Thu Jul 08 2021 18:12:59 GMT+0000 (Coordinated Universal Time),Fri Jul 23 2021 17:19:39 GMT+0000 (Coordinated Universal Time),Tue Nov 05 2024 00:01:07 GMT+0000 (Coordinated Universal Time),https://uploads-ssl.webflow.com/5acfc48421e7a66153389c5f/60e74002791507cdb5e0943d_Spoof-ad_kfc-fillup_600x480.jpg,false,CORPO,$20 Fill Ups,false,
Kill All Corp,kill-all-corp,65c28f6b17c6d6d0d042a41b,65c28f6b17c6d6d0d042af6b,false,false,Tue Jun 22 2021 22:17:51 GMT+0000 (Coordinated Universal Time),Fri Jul 02 2021 17:27:51 GMT+0000 (Coordinated Universal Time),Tue Nov 05 2024 00:01:07 GMT+0000 (Coordinated Universal Time),https://uploads-ssl.webflow.com/5acfc48421e7a66153389c5f/60d261799e91e2195a044943_Spoof-Ad_killacorp_600x750.jpg,false,CORPO,,false,
KillaCorp Exxon,killacorp-exxon,65c28f6b17c6d6d0d042a41b,65c28f6b17c6d6d0d042af6d,false,false,Fri Jul 02 2021 17:27:44 GMT+0000 (Coordinated Universal Time),Thu Jul 08 2021 18:13:06 GMT+0000 (Coordinated Universal Time),Tue Nov 05 2024 00:01:07 GMT+0000 (Coordinated Universal Time),https://uploads-ssl.webflow.com/5acfc48421e7a66153389c5f/60df4c608a98d524496102b1_SpoofAd_killacorp_Exxon_600x750.jpg,false,CORPO,From AB143,false,
La Beauté,la-beaute,65c28f6b17c6d6d0d042a41b,65c28f6b17c6d6d0d042ae82,false,false,Wed Jan 13 2021 18:03:46 GMT+0000 (Coordinated Universal Time),Wed Jan 13 2021 18:23:41 GMT+0000 (Coordinated Universal Time),Tue Nov 05 2024 00:01:07 GMT+0000 (Coordinated Universal Time),https://uploads-ssl.webflow.com/5acfc48421e7a66153389c5f/5fff3aaae8bab2683095c4b2_political_4_600px.jpg,false,POLITICAL,,false,
Let's be human beings,lets-be-human-beings,65c28f6b17c6d6d0d042a41b,65c28f6b17c6d6d0d042ae3a,false,false,Sat Jan 09 2021 00:10:55 GMT+0000 (Coordinated Universal Time),Sat Jan 09 2021 00:10:55 GMT+0000 (Coordinated Universal Time),Tue Nov 05 2024 00:01:07 GMT+0000 (Coordinated Universal Time),https://uploads-ssl.webflow.com/5acfc48421e7a66153389c5f/5ff8f479a59e0a0af9513e60_dysmal_science_2_600px.jpg,false,PSYCHO,,false,
Levis Go Forth,levis-go-forth,65c28f6b17c6d6d0d042a41b,65c28f6b17c6d6d0d042af55,false,false,Thu Jun 17 2021 19:43:54 GMT+0000 (Coordinated Universal Time),Tue Jun 22 2021 22:17:58 GMT+0000 (Coordinated Universal Time),Tue Nov 05 2024 00:01:07 GMT+0000 (Coordinated Universal Time),https://uploads-ssl.webflow.com/5acfc48421e7a66153389c5f/60cba5d20307922e92c6ec20_spoof-ad_levis_600x750.jpg,false,CORPO,,false,
Lilya Brik - Please,lilya-brik-please,65c28f6b17c6d6d0d042a41b,65c28f6b17c6d6d0d042ae86,false,false,Wed Jan 13 2021 18:19:28 GMT+0000 (Coordinated Universal Time),Wed Jan 13 2021 18:30:21 GMT+0000 (Coordinated Universal Time),Tue Nov 05 2024 00:01:07 GMT+0000 (Coordinated Universal Time),https://uploads-ssl.webflow.com/5acfc48421e7a66153389c5f/5fff3adf9faa854cf81a3aa7_political_8_600px.jpg,false,POLITICAL,,false,
Mac Kids,mac-kids,65c28f6b17c6d6d0d042a41b,65c28f6b17c6d6d0d042ae66,false,false,Sat Jan 09 2021 00:26:41 GMT+0000 (Coordinated Universal Time),Sat Jan 09 2021 00:26:41 GMT+0000 (Coordinated Universal Time),Tue Nov 05 2024 00:01:07 GMT+0000 (Coordinated Universal Time),https://uploads-ssl.webflow.com/5acfc48421e7a66153389c5f/5ff8f834e17726f4d0153b7b_food_fight_6_600px.jpg,false,CORPO,,false,
Mac shit,mac-shit,65c28f6b17c6d6d0d042a41b,65c28f6b17c6d6d0d042ae61,false,false,Sat Jan 09 2021 00:24:15 GMT+0000 (Coordinated Universal Time),Sat Jan 09 2021 00:24:15 GMT+0000 (Coordinated Universal Time),Tue Nov 05 2024 00:01:07 GMT+0000 (Coordinated Universal Time),https://uploads-ssl.webflow.com/5acfc48421e7a66153389c5f/5ff8f7a005a29ee9ee3038b1_food_fight_1_600px.jpg,false,CORPO,,false,
Marlboro Country,marlboro-country,65c28f6b17c6d6d0d042a41b,65c28f6b17c6d6d0d042ae69,false,false,Wed Jan 13 2021 17:53:12 GMT+0000 (Coordinated Universal Time),Wed Jan 13 2021 18:21:10 GMT+0000 (Coordinated Universal Time),Tue Nov 05 2024 00:01:07 GMT+0000 (Coordinated Universal Time),https://uploads-ssl.webflow.com/5acfc48421e7a66153389c5f/5fff3a123cb402e568e61dc3_philip_morris_2_600px.jpg,false,CORPO,,false,
Max Temkin Plastic Spoon,max-temkin-plastic-spoon,65c28f6b17c6d6d0d042a41b,65c28f6b17c6d6d0d042adc6,false,false,Tue Dec 29 2020 21:35:18 GMT+0000 (Coordinated Universal Time),Tue Dec 29 2020 21:35:18 GMT+0000 (Coordinated Universal Time),Tue Nov 05 2024 00:01:07 GMT+0000 (Coordinated Universal Time),https://uploads-ssl.webflow.com/5acfc48421e7a66153389c5f/5feba10097cb065454b2f364_MaxTemkin_PlasticSpoon.jpg,false,ECOLOGICAL,,false,
Mc,mc,65c28f6b17c6d6d0d042a41b,65c28f6b17c6d6d0d042adc7,false,false,Tue Dec 29 2020 21:36:42 GMT+0000 (Coordinated Universal Time),Wed Jan 13 2021 20:41:38 GMT+0000 (Coordinated Universal Time),Tue Nov 05 2024 00:01:07 GMT+0000 (Coordinated Universal Time),https://uploads-ssl.webflow.com/5acfc48421e7a66153389c5f/5feba161489ca97a575705ac_Mc.jpg,false,CORPO, “tear down those arches” ,false,
Mental Liberation Front #149,mental-liberation-front-149,65c28f6b17c6d6d0d042a41b,65c28f6b17c6d6d0d042af08,false,false,Fri Apr 30 2021 21:41:06 GMT+0000 (Coordinated Universal Time),Wed May 05 2021 22:48:59 GMT+0000 (Coordinated Universal Time),Tue Nov 05 2024 00:01:07 GMT+0000 (Coordinated Universal Time),https://uploads-ssl.webflow.com/5acfc48421e7a66153389c5f/608c7906df940a17e86561e0_we_take_our_mental_space_back_MLF_600x750.jpg,false,POLITICAL,Mental Liberation Front - Featured in Adbusters #149,false,
Ms. Wonder Woman for president.,ms-wonder-woman-for-president,65c28f6b17c6d6d0d042a41b,65c28f6b17c6d6d0d042ae81,false,false,Wed Jan 13 2021 18:03:25 GMT+0000 (Coordinated Universal Time),Wed Jan 13 2021 18:23:29 GMT+0000 (Coordinated Universal Time),Tue Nov 05 2024 00:01:07 GMT+0000 (Coordinated Universal Time),https://uploads-ssl.webflow.com/5acfc48421e7a66153389c5f/5fff3a9c0f16f4f569eac79f_political_3_600px.jpg,false,POLITICAL,,false,
Name these,name-these,65c28f6b17c6d6d0d042a41b,65c28f6b17c6d6d0d042adc8,false,false,Tue Dec 29 2020 21:37:01 GMT+0000 (Coordinated Universal Time),Tue Dec 29 2020 21:37:01 GMT+0000 (Coordinated Universal Time),Tue Nov 05 2024 00:01:07 GMT+0000 (Coordinated Universal Time),https://uploads-ssl.webflow.com/5acfc48421e7a66153389c5f/5feba174fa050a3e02254d57_Namethese.jpg,false,CORPO,,false,
Name these.,name-these-2,65c28f6b17c6d6d0d042a41b,65c28f6b17c6d6d0d042ae58,false,false,Sat Jan 09 2021 00:16:43 GMT+0000 (Coordinated Universal Time),Wed Jan 13 2021 20:27:05 GMT+0000 (Coordinated Universal Time),Tue Nov 05 2024 00:01:07 GMT+0000 (Coordinated Universal Time),https://uploads-ssl.webflow.com/5acfc48421e7a66153389c5f/5ff8f5e105a29e2232303706_eco_9_600px.jpg,false,POLITICAL,“commodity fetishism in a nutshell” ,false,
Neoclassical Economics,neoclassical-economics,65c28f6b17c6d6d0d042a41b,65c28f6b17c6d6d0d042ae3b,false,false,Sat Jan 09 2021 00:11:23 GMT+0000 (Coordinated Universal Time),Wed Jan 13 2021 20:30:53 GMT+0000 (Coordinated Universal Time),Tue Nov 05 2024 00:01:07 GMT+0000 (Coordinated Universal Time),https://uploads-ssl.webflow.com/5acfc48421e7a66153389c5f/5ff8f49bc34e6338235c0713_dysmal_science_3_600px.jpg,false,ECONOMIC,"""economics is a religion""",false,
Never For Money,never-for-money,65c28f6b17c6d6d0d042a41b,65c28f6b17c6d6d0d042adc9,false,false,Tue Dec 29 2020 21:37:23 GMT+0000 (Coordinated Universal Time),Tue Dec 29 2020 21:37:23 GMT+0000 (Coordinated Universal Time),Tue Nov 05 2024 00:01:07 GMT+0000 (Coordinated Universal Time),https://uploads-ssl.webflow.com/5acfc48421e7a66153389c5f/5feba1859eefd21c8c93f476_NeverForMoney.jpg,false,PSYCHO,,false,
Nike price,nike-price,65c28f6b17c6d6d0d042a41b,65c28f6b17c6d6d0d042ae87,false,false,Wed Jan 13 2021 18:30:55 GMT+0000 (Coordinated Universal Time),Wed Jan 13 2021 18:30:55 GMT+0000 (Coordinated Universal Time),Tue Nov 05 2024 00:01:07 GMT+0000 (Coordinated Universal Time),https://uploads-ssl.webflow.com/5acfc48421e7a66153389c5f/5fff3c4856fcc571302c72b1_unswooshing_1_600px.jpg,false,CORPO,,false,
Nike smile.,nike-smile,65c28f6b17c6d6d0d042a41b,65c28f6b17c6d6d0d042ae9f,false,false,Wed Jan 13 2021 18:34:13 GMT+0000 (Coordinated Universal Time),Wed Jan 13 2021 18:34:13 GMT+0000 (Coordinated Universal Time),Tue Nov 05 2024 00:01:07 GMT+0000 (Coordinated Universal Time),https://uploads-ssl.webflow.com/5acfc48421e7a66153389c5f/5fff3d1ec12d79034772b8e2_unswooshing_7_600px.jpg,false,CORPO,,false,
Nike Sweatshop,nike-sweatshop,65c28f6b17c6d6d0d042a41b,65c28f6b17c6d6d0d042add3,false,false,Tue Dec 29 2020 21:37:44 GMT+0000 (Coordinated Universal Time),Mon Apr 19 2021 23:04:47 GMT+0000 (Coordinated Universal Time),Tue Nov 05 2024 00:01:07 GMT+0000 (Coordinated Universal Time),https://uploads-ssl.webflow.com/5acfc48421e7a66153389c5f/5feba19c97ee973c0ddd1aff_Nike_Sweatshop.jpg,false,CORPO,,false,
Nike Sweatshop,nike-sweatshop-2,65c28f6b17c6d6d0d042a41b,65c28f6b17c6d6d0d042ae88,false,false,Wed Jan 13 2021 18:31:18 GMT+0000 (Coordinated Universal Time),Mon Apr 19 2021 23:05:07 GMT+0000 (Coordinated Universal Time),Tue Nov 05 2024 00:01:07 GMT+0000 (Coordinated Universal Time),https://uploads-ssl.webflow.com/5acfc48421e7a66153389c5f/5fff3c6a84ef804236e853aa_unswooshing_2_600px.jpg,false,CORPO,,false,
Obey,obey,65c28f6b17c6d6d0d042a41b,65c28f6b17c6d6d0d042ae3f,false,false,Sat Jan 09 2021 00:13:20 GMT+0000 (Coordinated Universal Time),Sat Jan 09 2021 00:13:20 GMT+0000 (Coordinated Universal Time),Tue Nov 05 2024 00:01:07 GMT+0000 (Coordinated Universal Time),https://uploads-ssl.webflow.com/5acfc48421e7a66153389c5f/5ff8f50fe6c011c67874bb0c_eco_2_600px.jpg,false,PSYCHO,,false,
Obssession for Men,obssession-for-men,65c28f6b17c6d6d0d042a41b,65c28f6b17c6d6d0d042ae5b,false,false,Sat Jan 09 2021 00:17:58 GMT+0000 (Coordinated Universal Time),Sat Jan 09 2021 00:17:58 GMT+0000 (Coordinated Universal Time),Tue Nov 05 2024 00:01:07 GMT+0000 (Coordinated Universal Time),https://uploads-ssl.webflow.com/5acfc48421e7a66153389c5f/5ff8f626d5a56715f19d0929_fashion_slashin_3_600px.jpg,false,PSYCHO,,false,
Obssession for Women,obssession-for-women,65c28f6b17c6d6d0d042a41b,65c28f6b17c6d6d0d042ae5a,false,false,Sat Jan 09 2021 00:17:32 GMT+0000 (Coordinated Universal Time),Sat Jan 09 2021 00:18:05 GMT+0000 (Coordinated Universal Time),Tue Nov 05 2024 00:01:07 GMT+0000 (Coordinated Universal Time),https://uploads-ssl.webflow.com/5acfc48421e7a66153389c5f/5ff8f60e6d435de69ee967b0_fashion_slashin_2_600px.jpg,false,PSYCHO,,false,
OccupyWallStreet,occupywallstreet,65c28f6b17c6d6d0d042a41b,65c28f6b17c6d6d0d042aea0,false,false,Wed Jan 13 2021 19:35:21 GMT+0000 (Coordinated Universal Time),Wed Jan 13 2021 19:35:21 GMT+0000 (Coordinated Universal Time),Tue Nov 05 2024 00:01:07 GMT+0000 (Coordinated Universal Time),https://uploads-ssl.webflow.com/5acfc48421e7a66153389c5f/5fff4b5cdfefcace15f87b60_OccupyWallStreetPoster_600px.jpg,false,HISTORICAL,,false,
Organized Crime Circle,organized-crime-circle,65c28f6b17c6d6d0d042a41b,65c28f6b17c6d6d0d042ade4,false,false,Tue Dec 29 2020 21:38:49 GMT+0000 (Coordinated Universal Time),Wed Jan 13 2021 20:29:04 GMT+0000 (Coordinated Universal Time),Tue Nov 05 2024 00:01:07 GMT+0000 (Coordinated Universal Time),https://uploads-ssl.webflow.com/5acfc48421e7a66153389c5f/5feba1ddf7f418357a851430_OrganizedCrimeCircle.jpg,false,CORPO,"""marks of the devil"" - Featured in Adbusters #113",false,
Pain is Capitalism Dying,pain-is-capitalism-dying,65c28f6b17c6d6d0d042a41b,65c28f6b17c6d6d0d042aed9,false,false,Fri Apr 09 2021 17:32:19 GMT+0000 (Coordinated Universal Time),Fri Apr 09 2021 17:40:23 GMT+0000 (Coordinated Universal Time),Tue Nov 05 2024 00:01:07 GMT+0000 (Coordinated Universal Time),https://uploads-ssl.webflow.com/5acfc48421e7a66153389c5f/60708f6202f5780170a17c73_the_pain_we_feel_is_capitalism_daying_600x724.jpg,false,ECONOMIC,Pain is Capitalism Dying,false,
Perma Culture,perma-culture,65c28f6b17c6d6d0d042a41b,65c28f6b17c6d6d0d042ade5,false,false,Tue Dec 29 2020 21:39:15 GMT+0000 (Coordinated Universal Time),Tue Dec 29 2020 21:39:15 GMT+0000 (Coordinated Universal Time),Tue Nov 05 2024 00:01:07 GMT+0000 (Coordinated Universal Time),https://uploads-ssl.webflow.com/5acfc48421e7a66153389c5f/5feba1f1c2e571d6420b6492_PermaCulture.jpg,false,AESTHETICO,,false,
Place Tongue Here,place-tongue-here,65c28f6b17c6d6d0d042a41b,65c28f6b17c6d6d0d042afce,false,false,Fri Aug 20 2021 21:29:12 GMT+0000 (Coordinated Universal Time),Tue Aug 24 2021 17:36:11 GMT+0000 (Coordinated Universal Time),Tue Nov 05 2024 00:01:07 GMT+0000 (Coordinated Universal Time),https://uploads-ssl.webflow.com/5acfc48421e7a66153389c5f/61201e277636acfa0bbe1572_Place_Tongue_Here_600x750.jpg,false,CORPO,Licking the boot of capitalism.,false,
Prozac,prozac,65c28f6b17c6d6d0d042a41b,65c28f6b17c6d6d0d042ae43,false,false,Sat Jan 09 2021 00:15:24 GMT+0000 (Coordinated Universal Time),Sat Jan 09 2021 00:15:24 GMT+0000 (Coordinated Universal Time),Tue Nov 05 2024 00:01:07 GMT+0000 (Coordinated Universal Time),https://uploads-ssl.webflow.com/5acfc48421e7a66153389c5f/5ff8f59275a5c175b530fa67_eco_6_600px.jpg,false,CORPO,,false,
Reality for Men.,reality-for-men,65c28f6b17c6d6d0d042a41b,65c28f6b17c6d6d0d042ae59,false,false,Sat Jan 09 2021 00:17:08 GMT+0000 (Coordinated Universal Time),Sat Jan 09 2021 00:17:08 GMT+0000 (Coordinated Universal Time),Tue Nov 05 2024 00:01:07 GMT+0000 (Coordinated Universal Time),https://uploads-ssl.webflow.com/5acfc48421e7a66153389c5f/5ff8f5f59f2f4c4c12526364_fashion_slashin_1_600px.jpg,false,CORPO,,false,
Revolution Essentielle,revolution-essentielle,65c28f6b17c6d6d0d042a41b,65c28f6b17c6d6d0d042ae7f,false,false,Wed Jan 13 2021 18:01:40 GMT+0000 (Coordinated Universal Time),Wed Jan 13 2021 18:22:59 GMT+0000 (Coordinated Universal Time),Tue Nov 05 2024 00:01:07 GMT+0000 (Coordinated Universal Time),https://uploads-ssl.webflow.com/5acfc48421e7a66153389c5f/5fff3a6129e4ca40557df643_political_1_600px.jpg,false,POLITICAL,,false,
Santa,santa,65c28f6b17c6d6d0d042a41b,65c28f6b17c6d6d0d042ade6,false,false,Tue Dec 29 2020 21:39:45 GMT+0000 (Coordinated Universal Time),Tue Dec 29 2020 21:39:45 GMT+0000 (Coordinated Universal Time),Tue Nov 05 2024 00:01:07 GMT+0000 (Coordinated Universal Time),https://uploads-ssl.webflow.com/5acfc48421e7a66153389c5f/5feba20ff7f4188f908514f6_Santa.jpg,false,BUYNOTHINGDAY,Rise above it,false,
She's got your eyes,shes-got-your-eyes,65c28f6b17c6d6d0d042a41b,65c28f6b17c6d6d0d042ae42,false,false,Sat Jan 09 2021 00:14:58 GMT+0000 (Coordinated Universal Time),Sat Jan 09 2021 00:14:58 GMT+0000 (Coordinated Universal Time),Tue Nov 05 2024 00:01:07 GMT+0000 (Coordinated Universal Time),https://uploads-ssl.webflow.com/5acfc48421e7a66153389c5f/5ff8f572c98da918570397f9_eco_5_600px.jpg,false,PSYCHO,,false,
Shot on Iphone,shot-on-iphone,65c28f6b17c6d6d0d042a41b,65c28f6b17c6d6d0d042ade7,false,false,Tue Dec 29 2020 21:40:13 GMT+0000 (Coordinated Universal Time),Tue Dec 29 2020 21:40:13 GMT+0000 (Coordinated Universal Time),Tue Nov 05 2024 00:01:07 GMT+0000 (Coordinated Universal Time),https://uploads-ssl.webflow.com/5acfc48421e7a66153389c5f/5feba22d9cc80bcf459a13b8_ShotOn.jpg,false,CORPO,,false,
Stop the Traffic,stop-the-traffic,65c28f6b17c6d6d0d042a41b,65c28f6b17c6d6d0d042ade8,false,false,Tue Dec 29 2020 21:40:41 GMT+0000 (Coordinated Universal Time),Tue Dec 29 2020 21:40:41 GMT+0000 (Coordinated Universal Time),Tue Nov 05 2024 00:01:07 GMT+0000 (Coordinated Universal Time),https://uploads-ssl.webflow.com/5acfc48421e7a66153389c5f/5feba249b9e6899a9ba4f487_Stop_Traffic.jpg,false,POLITICAL,,false,
Taste the Fouling,taste-the-fouling,65c28f6b17c6d6d0d042a41b,65fa0719a4b52a883c1ce68d,false,false,Tue Mar 19 2024 21:43:53 GMT+0000 (Coordinated Universal Time),Tue Mar 19 2024 21:44:33 GMT+0000 (Coordinated Universal Time),Tue Nov 05 2024 00:01:07 GMT+0000 (Coordinated Universal Time),https://uploads-ssl.webflow.com/5acfc48421e7a66153389c5f/65fa070f4d336b257e365c8f_coke-fouling.jpg,false,ECOLOGICAL,,false,
The 10 worst,the-10-worst,65c28f6b17c6d6d0d042a41b,65c28f6b17c6d6d0d042adea,false,false,Tue Dec 29 2020 21:41:39 GMT+0000 (Coordinated Universal Time),Tue Dec 29 2020 21:41:39 GMT+0000 (Coordinated Universal Time),Tue Nov 05 2024 00:01:07 GMT+0000 (Coordinated Universal Time),https://uploads-ssl.webflow.com/5acfc48421e7a66153389c5f/5feba28b2256a65fb4e9f8a2_The10Worst.jpg,false,CORPO,,false,
The Big Question,the-big-question,65c28f6b17c6d6d0d042a41b,65c28f6b17c6d6d0d042ae3c,false,false,Sat Jan 09 2021 00:11:46 GMT+0000 (Coordinated Universal Time),Wed Jan 13 2021 20:34:06 GMT+0000 (Coordinated Universal Time),Tue Nov 05 2024 00:01:07 GMT+0000 (Coordinated Universal Time),https://uploads-ssl.webflow.com/5acfc48421e7a66153389c5f/5ff8f4b8b8c48c4c94ed08a5_dysmal_science_4_600px.jpg,false,ECONOMIC,"""the speculation economy gnaws away at our planet""",false,
The Buyological Urge,the-buyological-urge,65c28f6b17c6d6d0d042a41b,65c28f6b17c6d6d0d042ae37,false,false,Sat Jan 09 2021 00:06:54 GMT+0000 (Coordinated Universal Time),Sat Jan 09 2021 00:08:28 GMT+0000 (Coordinated Universal Time),Tue Nov 05 2024 00:01:07 GMT+0000 (Coordinated Universal Time),https://uploads-ssl.webflow.com/5acfc48421e7a66153389c5f/5ff8f3905a429277e82467b5_buyology_urge_6_600px.jpg,false,BUYNOTHINGDAY,,false,
The product is you.,the-product-is-you,65c28f6b17c6d6d0d042a41b,65c28f6b17c6d6d0d042ae56,false,false,Sat Jan 09 2021 00:15:51 GMT+0000 (Coordinated Universal Time),Sat Jan 09 2021 00:15:51 GMT+0000 (Coordinated Universal Time),Tue Nov 05 2024 00:01:07 GMT+0000 (Coordinated Universal Time),https://uploads-ssl.webflow.com/5acfc48421e7a66153389c5f/5ff8f5a788a1fe4387173c2e_eco_7_600px.jpg,false,PSYCHO,,false,
They call us ugly to sell us shit.,they-call-us-ugly-to-sell-us-shit,65c28f6b17c6d6d0d042a41b,65c28f6b17c6d6d0d042afd3,false,false,Fri Sep 03 2021 19:47:38 GMT+0000 (Coordinated Universal Time),Mon Oct 25 2021 23:22:21 GMT+0000 (Coordinated Universal Time),Tue Nov 05 2024 00:01:07 GMT+0000 (Coordinated Universal Time),https://uploads-ssl.webflow.com/5acfc48421e7a66153389c5f/61327bd66c70235e9f99a61a_Spoof_ad_sell-us-shit_600x750.jpg,false,BUYNOTHINGDAY,,false,
Tibor Kalman,tibor-kalman,65c28f6b17c6d6d0d042a41b,65c28f6b17c6d6d0d042adeb,false,false,Tue Dec 29 2020 21:42:20 GMT+0000 (Coordinated Universal Time),Tue Dec 29 2020 21:42:20 GMT+0000 (Coordinated Universal Time),Tue Nov 05 2024 00:01:07 GMT+0000 (Coordinated Universal Time),https://uploads-ssl.webflow.com/5acfc48421e7a66153389c5f/5feba2a597ee97f506dd1cb3_Tibor.jpg,false,AESTHETICO,,false,
Toxic Culture,toxic-culture,65c28f6b17c6d6d0d042a41b,65c28f6b17c6d6d0d042ae41,false,false,Sat Jan 09 2021 00:14:24 GMT+0000 (Coordinated Universal Time),Sat Jan 09 2021 00:14:24 GMT+0000 (Coordinated Universal Time),Tue Nov 05 2024 00:01:07 GMT+0000 (Coordinated Universal Time),https://uploads-ssl.webflow.com/5acfc48421e7a66153389c5f/5ff8f54d79487ea3d5dd7874_eco_4_600px.jpg,false,PSYCHO,,false,
Turn off,turn-off,65c28f6b17c6d6d0d042a41b,65c28f6b17c6d6d0d042ae40,false,false,Sat Jan 09 2021 00:13:51 GMT+0000 (Coordinated Universal Time),Wed Jan 13 2021 20:43:01 GMT+0000 (Coordinated Universal Time),Tue Nov 05 2024 00:01:07 GMT+0000 (Coordinated Universal Time),https://uploads-ssl.webflow.com/5acfc48421e7a66153389c5f/5ff8f52b679e67e9934e491f_eco_3_600px.jpg,false,POLITICAL,"""the genrefication of society""",false,
Vegan Bride,vegan-bride,65c28f6b17c6d6d0d042a41b,65c28f6b17c6d6d0d042ae17,false,false,Fri Jan 08 2021 23:43:22 GMT+0000 (Coordinated Universal Time),Fri Jan 08 2021 23:43:22 GMT+0000 (Coordinated Universal Time),Tue Nov 05 2024 00:01:07 GMT+0000 (Coordinated Universal Time),https://uploads-ssl.webflow.com/5acfc48421e7a66153389c5f/5ff8edfd3da76250cf7c233c_vegan-bride_adb121_600px.jpg,false,CORPO,Featured in Adbusters 121,false,
Victory in the Clash of Civilizations,victory-in-the-clash-of-civilizations,65c28f6b17c6d6d0d042a41b,65c28f6b17c6d6d0d042af0b,false,false,Wed May 05 2021 22:48:52 GMT+0000 (Coordinated Universal Time),Thu Jun 10 2021 21:29:59 GMT+0000 (Coordinated Universal Time),Tue Nov 05 2024 00:01:07 GMT+0000 (Coordinated Universal Time),https://uploads-ssl.webflow.com/5acfc48421e7a66153389c5f/609320cf98421ef36edea997_Victory_in_the_Clash_of_Civilizations_600x778.jpg,false,AESTHETICO, Featured in Adbusters #153,false,
We Don't Need Another Hero,we-dont-need-another-hero,65c28f6b17c6d6d0d042a41b,65c28f6b17c6d6d0d042ae84,false,false,Wed Jan 13 2021 18:08:39 GMT+0000 (Coordinated Universal Time),Wed Jan 13 2021 18:24:12 GMT+0000 (Coordinated Universal Time),Tue Nov 05 2024 00:01:07 GMT+0000 (Coordinated Universal Time),https://uploads-ssl.webflow.com/5acfc48421e7a66153389c5f/5fff3ac9484fbfb4fb4d0cf5_political_6_600px.jpg,false,POLITICAL,,false,
Welcome to Marlboro,welcome-to-marlboro,65c28f6b17c6d6d0d042a41b,65c28f6b17c6d6d0d042ae6a,false,false,Wed Jan 13 2021 17:58:40 GMT+0000 (Coordinated Universal Time),Wed Jan 13 2021 18:21:24 GMT+0000 (Coordinated Universal Time),Tue Nov 05 2024 00:01:07 GMT+0000 (Coordinated Universal Time),https://uploads-ssl.webflow.com/5acfc48421e7a66153389c5f/5fff3a2292b41754823dbaa6_philip_morris_3_600px.jpg,false,CORPO,,false,
Wild,wild,65c28f6b17c6d6d0d042a41b,65c28f6b17c6d6d0d042adec,false,false,Tue Dec 29 2020 21:42:57 GMT+0000 (Coordinated Universal Time),Mon Apr 05 2021 23:24:34 GMT+0000 (Coordinated Universal Time),Tue Nov 05 2024 00:01:07 GMT+0000 (Coordinated Universal Time),https://uploads-ssl.webflow.com/5acfc48421e7a66153389c5f/5feba2daf723ca810768a55a_Wild.jpg,false,POLITICAL,,false,
World Revolution,world-revolution,65c28f6b17c6d6d0d042a41b,65c28f6b17c6d6d0d042aded,false,false,Tue Dec 29 2020 21:43:30 GMT+0000 (Coordinated Universal Time),Tue Dec 29 2020 21:43:30 GMT+0000 (Coordinated Universal Time),Tue Nov 05 2024 00:01:07 GMT+0000 (Coordinated Universal Time),https://uploads-ssl.webflow.com/5acfc48421e7a66153389c5f/5feba2eafdc9588fe6ae0195_WorldRevolution.jpg,false,PSYCHO,,false,
Young Romance,young-romance,65c28f6b17c6d6d0d042a41b,65c28f6b17c6d6d0d042ae83,false,false,Wed Jan 13 2021 18:07:47 GMT+0000 (Coordinated Universal Time),Wed Jan 13 2021 18:23:55 GMT+0000 (Coordinated Universal Time),Tue Nov 05 2024 00:01:07 GMT+0000 (Coordinated Universal Time),https://uploads-ssl.webflow.com/5acfc48421e7a66153389c5f/5fff3ab8bf2e6471522f1f64_political_5_600px.jpg,false,POLITICAL,,false,
Your Economy,your-economy,65c28f6b17c6d6d0d042a41b,65c28f6b17c6d6d0d042adef,false,false,Tue Dec 29 2020 21:43:52 GMT+0000 (Coordinated Universal Time),Tue Dec 29 2020 21:43:52 GMT+0000 (Coordinated Universal Time),Tue Nov 05 2024 00:01:07 GMT+0000 (Coordinated Universal Time),https://uploads-ssl.webflow.com/5acfc48421e7a66153389c5f/5feba30d4df42846b093769d_YourEconomy.jpg,false,ECONOMIC,,false,
Your Economy needs you to keep consuming,your-economy-needs-you-to-keep-consuming,65c28f6b17c6d6d0d042a41b,65c28f6b17c6d6d0d042ae20,false,false,Fri Jan 08 2021 23:49:29 GMT+0000 (Coordinated Universal Time),Sat Jan 09 2021 00:05:11 GMT+0000 (Coordinated Universal Time),Tue Nov 05 2024 00:01:07 GMT+0000 (Coordinated Universal Time),https://uploads-ssl.webflow.com/5acfc48421e7a66153389c5f/5acfcd7221e7a6975838a836_adbusters_85_keep_consuming.jpg,false,ECONOMIC,,false,
